{
 "naive_pct": 14.984314995439224,
 "splitsample_bias_corrected": {
  "0.0": {
   "gap_abs_splitsample": 0.09096763172000001,
   "gap_pct": 14.90673253875884,
   "ci95": [
    0.05198138250000002,
    0.13341762100000007
   ]
  },
  "0.02": {
   "gap_abs_splitsample": 0.09096763172000001,
   "gap_pct": 14.90673253875884,
   "ci95": [
    0.05198138250000002,
    0.13341762100000007
   ]
  },
  "0.05": {
   "gap_abs_splitsample": 0.09096763172000001,
   "gap_pct": 14.90673253875884,
   "ci95": [
    0.05198138250000002,
    0.13341762100000007
   ]
  },
  "0.1": {
   "gap_abs_splitsample": 0.09096763172000001,
   "gap_pct": 14.90673253875884,
   "ci95": [
    0.05198138250000002,
    0.13341762100000007
   ]
  }
 },
 "noise_null_simulation": {
  "sigma_SHAM_0.46": 40.6,
  "sigma_0.30": 28.1,
  "sigma_0.20": 19.5,
  "interpretation": "observed naive gap ~15-22% is BELOW the noise-null manufactured gap => not distinguishable from zero true parity"
 },
 "conservative_estimate": "0% (indistinguishable from noise floor)"
}