{
 "drop_top1_eps0.05": {
  "oracle_gap_abs": 0.07882442857142846,
  "oracle_gap_pct": 13.949570461407648
 },
 "drop_top3_eps0.05": {
  "oracle_gap_abs": 0.06835656382978716,
  "oracle_gap_pct": 13.584744272120457
 },
 "drop_top5_eps0.05": {
  "oracle_gap_abs": 0.07139463333333329,
  "oracle_gap_pct": 16.03592226754802
 }
}