{
 "astropy__astropy-12907": {
  "C0_identity": 0.22179625000000003,
  "M4_obs_cap_5k": 0.302897,
  "M6_env_log_collapse": 0.1871515,
  "M7_old_obs_elide": 0.21291724999999997
 },
 "astropy__astropy-14096": {
  "C0_identity": 0.44592175,
  "M4_obs_cap_5k": 0.3817695,
  "M6_env_log_collapse": 0.38192849999999995,
  "M7_old_obs_elide": 0.37594950000000005
 },
 "astropy__astropy-14309": {
  "C0_identity": 0.1974955,
  "M4_obs_cap_5k": 0.31867,
  "M6_env_log_collapse": 0.24015475,
  "M7_old_obs_elide": 0.14490025
 },
 "astropy__astropy-14539": {
  "C0_identity": 0.35738200000000003,
  "M4_obs_cap_5k": 0.23401275000000002,
  "M6_env_log_collapse": 0.29041500000000003,
  "M7_old_obs_elide": 0.32303525000000005
 },
 "astropy__astropy-14995": {
  "C0_identity": 0.34726125,
  "M4_obs_cap_5k": 0.26705275,
  "M6_env_log_collapse": 0.26470925,
  "M7_old_obs_elide": 0.3515655
 },
 "astropy__astropy-7166": {
  "C0_identity": 0.29380775000000003,
  "M4_obs_cap_5k": 0.25450875000000006,
  "M6_env_log_collapse": 0.3132375,
  "M7_old_obs_elide": 0.37098699999999996
 },
 "django__django-14493": {
  "C0_identity": 0.3338,
  "M4_obs_cap_5k": 0.29794250000000005,
  "M6_env_log_collapse": 0.27050175,
  "M7_old_obs_elide": 0.3022665
 },
 "django__django-14539": {
  "C0_identity": 0.40558449999999996,
  "M4_obs_cap_5k": 0.38939650000000003,
  "M6_env_log_collapse": 0.5582810000000001,
  "M7_old_obs_elide": 0.49854324999999994
 },
 "django__django-14752": {
  "C0_identity": 0.175078,
  "M4_obs_cap_5k": 0.1519005,
  "M6_env_log_collapse": 0.12954025,
  "M7_old_obs_elide": 0.07118475
 },
 "django__django-14771": {
  "C0_identity": 0.37104625,
  "M4_obs_cap_5k": 0.38508675000000003,
  "M6_env_log_collapse": 0.41442225000000005,
  "M7_old_obs_elide": 0.7488992500000001
 },
 "django__django-15380": {
  "C0_identity": 0.388757,
  "M4_obs_cap_5k": 0.7830834999999997,
  "M6_env_log_collapse": 0.389267,
  "M7_old_obs_elide": 2.659656500000001
 },
 "django__django-16136": {
  "C0_identity": 0.35472125000000004,
  "M4_obs_cap_5k": 0.33001125,
  "M6_env_log_collapse": 0.34224449999999995,
  "M7_old_obs_elide": 0.6228465000000001
 },
 "pallets__flask-5014": {
  "C0_identity": 0.15159325,
  "M4_obs_cap_5k": 0.23680150000000003,
  "M6_env_log_collapse": 0.19648475,
  "M7_old_obs_elide": 0.2189675
 },
 "psf__requests-1142": {
  "C0_identity": 0.43107525,
  "M4_obs_cap_5k": 0.41009500000000004,
  "M6_env_log_collapse": 0.30133299999999996,
  "M7_old_obs_elide": 0.45816950000000006
 },
 "pydata__xarray-2905": {
  "C0_identity": 0.4661615,
  "M4_obs_cap_5k": 0.4773955000000002,
  "M6_env_log_collapse": 0.43413799999999997,
  "M7_old_obs_elide": 0.9615855000000001
 },
 "pydata__xarray-3305": {
  "C0_identity": 0.5041340000000001,
  "M4_obs_cap_5k": 0.489539,
  "M6_env_log_collapse": 0.41269125000000006,
  "M7_old_obs_elide": 0.7846982500000002
 },
 "pydata__xarray-3677": {
  "C0_identity": 0.274575,
  "M4_obs_cap_5k": 0.21705800000000003,
  "M6_env_log_collapse": 0.33791950000000004,
  "M7_old_obs_elide": 0.37748125
 },
 "pydata__xarray-4075": {
  "C0_identity": 0.459898,
  "M4_obs_cap_5k": 0.42784200000000006,
  "M6_env_log_collapse": 0.38686249999999994,
  "M7_old_obs_elide": 0.45423600000000003
 },
 "pydata__xarray-6721": {
  "C0_identity": 0.50419575,
  "M4_obs_cap_5k": 0.46482425000000005,
  "M6_env_log_collapse": 0.36245124999999995,
  "M7_old_obs_elide": 0.85039925
 },
 "pydata__xarray-7233": {
  "C0_identity": 0.2746775000000001,
  "M4_obs_cap_5k": 0.2484665,
  "M6_env_log_collapse": 0.31206825,
  "M7_old_obs_elide": 0.26676174999999996
 },
 "pylint-dev__pylint-4551": {
  "C0_identity": 1.9256512500000003,
  "M4_obs_cap_5k": 0.8779510000000001,
  "M6_env_log_collapse": 2.04056125,
  "M7_old_obs_elide": 1.4585819999999998
 },
 "pylint-dev__pylint-6386": {
  "C0_identity": 1.5902912499999997,
  "M4_obs_cap_5k": 0.9009084999999999,
  "M6_env_log_collapse": 1.6706477500000008,
  "M7_old_obs_elide": 5.934041500000001
 },
 "pylint-dev__pylint-6528": {
  "C0_identity": 1.0053515000000002,
  "M4_obs_cap_5k": 1.1382457499999998,
  "M6_env_log_collapse": 0.93334325,
  "M7_old_obs_elide": 3.2818002500000003
 },
 "pylint-dev__pylint-6903": {
  "C0_identity": 0.34826225000000005,
  "M4_obs_cap_5k": 0.25364125000000004,
  "M6_env_log_collapse": 0.2252845,
  "M7_old_obs_elide": 0.25067925
 },
 "pylint-dev__pylint-7277": {
  "C0_identity": 0.35923199999999994,
  "M4_obs_cap_5k": 0.345785,
  "M6_env_log_collapse": 0.31139000000000006,
  "M7_old_obs_elide": 0.5847060000000001
 },
 "pylint-dev__pylint-8898": {
  "C0_identity": 1.053102,
  "M4_obs_cap_5k": 0.7883502500000003,
  "M6_env_log_collapse": 1.0595450000000002,
  "M7_old_obs_elide": 2.2186752500000004
 },
 "pytest-dev__pytest-5631": {
  "C0_identity": 0.28117575,
  "M4_obs_cap_5k": 0.29793175,
  "M6_env_log_collapse": 0.21763124999999997,
  "M7_old_obs_elide": 0.42862925
 },
 "pytest-dev__pytest-6197": {
  "C0_identity": 2.82397775,
  "M4_obs_cap_5k": 2.5708999999999995,
  "M6_env_log_collapse": 2.114321,
  "M7_old_obs_elide": 8.540948250000001
 },
 "pytest-dev__pytest-7324": {
  "C0_identity": 0.4490605,
  "M4_obs_cap_5k": 0.5212435000000001,
  "M6_env_log_collapse": 0.377244,
  "M7_old_obs_elide": 1.038739
 },
 "pytest-dev__pytest-7432": {
  "C0_identity": 0.29127725000000004,
  "M4_obs_cap_5k": 0.48609425000000006,
  "M6_env_log_collapse": 0.31178175,
  "M7_old_obs_elide": 1.1759027500000003
 },
 "pytest-dev__pytest-7490": {
  "C0_identity": 0.8034802500000002,
  "M4_obs_cap_5k": 0.38269825,
  "M6_env_log_collapse": 0.67603075,
  "M7_old_obs_elide": 1.6689945
 },
 "pytest-dev__pytest-7521": {
  "C0_identity": 0.23813075,
  "M4_obs_cap_5k": 0.34963799999999995,
  "M6_env_log_collapse": 0.34832925,
  "M7_old_obs_elide": 0.8561012499999999
 },
 "scikit-learn__scikit-learn-13135": {
  "C0_identity": 0.206843,
  "M4_obs_cap_5k": 0.29773499999999997,
  "M6_env_log_collapse": 0.14243825,
  "M7_old_obs_elide": 0.15037775
 },
 "scikit-learn__scikit-learn-13328": {
  "C0_identity": 0.25542475000000003,
  "M4_obs_cap_5k": 0.153345,
  "M6_env_log_collapse": 0.08244275,
  "M7_old_obs_elide": 0.11607025000000001
 },
 "scikit-learn__scikit-learn-13439": {
  "C0_identity": 0.15173050000000002,
  "M4_obs_cap_5k": 0.12119150000000002,
  "M6_env_log_collapse": 0.17378875,
  "M7_old_obs_elide": 0.12714975
 },
 "scikit-learn__scikit-learn-14087": {
  "C0_identity": 0.47367549999999997,
  "M4_obs_cap_5k": 0.41307099999999997,
  "M6_env_log_collapse": 0.46909225000000004,
  "M7_old_obs_elide": 0.94688075
 },
 "scikit-learn__scikit-learn-25973": {
  "C0_identity": 0.418697,
  "M4_obs_cap_5k": 0.42917849999999996,
  "M6_env_log_collapse": 0.48197124999999996,
  "M7_old_obs_elide": 1.1014282499999999
 },
 "scikit-learn__scikit-learn-9288": {
  "C0_identity": 0.24983324999999995,
  "M4_obs_cap_5k": 0.32681049999999995,
  "M6_env_log_collapse": 0.2853305,
  "M7_old_obs_elide": 0.31523175000000003
 },
 "sphinx-doc__sphinx-10466": {
  "C0_identity": 0.42971999999999994,
  "M4_obs_cap_5k": 0.3130315,
  "M6_env_log_collapse": 0.28426424999999994,
  "M7_old_obs_elide": 0.25132075
 },
 "sphinx-doc__sphinx-8459": {
  "C0_identity": 0.333828,
  "M4_obs_cap_5k": 0.39680574999999996,
  "M6_env_log_collapse": 0.34467825,
  "M7_old_obs_elide": 0.44247375
 },
 "sphinx-doc__sphinx-8638": {
  "C0_identity": 1.6893422500000004,
  "M4_obs_cap_5k": 2.2647102500000003,
  "M6_env_log_collapse": 1.9821010000000003,
  "M7_old_obs_elide": 7.169583750000001
 },
 "sphinx-doc__sphinx-9320": {
  "C0_identity": 0.32900874999999996,
  "M4_obs_cap_5k": 0.32583575000000004,
  "M6_env_log_collapse": 0.4043000000000001,
  "M7_old_obs_elide": 0.35391925
 },
 "sphinx-doc__sphinx-9367": {
  "C0_identity": 0.16561125000000002,
  "M4_obs_cap_5k": 0.1976005,
  "M6_env_log_collapse": 0.15089175000000002,
  "M7_old_obs_elide": 0.15268475
 },
 "sphinx-doc__sphinx-9658": {
  "C0_identity": 1.5403317500000004,
  "M4_obs_cap_5k": 1.2331535,
  "M6_env_log_collapse": 2.1208717500000005,