{
 "pi_keep": {
  "ipw_cost": 5851.638461538461,
  "dr_cost": 6186.826923076922,
  "n": 13
 },
 "pi_static": {
  "ipw_cost": 6620.4,
  "dr_cost": 6059.6903846153855,
  "n": 13
 },
 "pi_signal": {
  "ipw_cost": 7424.1,
  "dr_cost": 6863.390384615384,
  "n": 13
 },
 "note": "IPW+DR, propensity=0.5, lower cost=better. Small N: interpret as effect-size not significance."
}