{
 "input_tokens": {
  "mean_LINEDEDUP": 1.0,
  "mean_NOOP": 1.0,
  "diff": 0.0
 },
 "cache_read": {
  "mean_LINEDEDUP": 15622.285714285714,
  "mean_NOOP": 15680.666666666666,
  "diff": -58.380952380952294
 },
 "cache_creation": {
  "mean_LINEDEDUP": 2470.8571428571427,
  "mean_NOOP": 2965.5,
  "diff": -494.64285714285734
 },
 "output_tokens": {
  "mean_LINEDEDUP": 299.14285714285717,
  "mean_NOOP": 212.66666666666666,
  "diff": 86.47619047619051
 }
}