{
 "interaction_h1": {
  "n": 13,
  "center": 0.28,
  "coefs": {
   "b0_intercept": 6062.677274903409,
   "b1_A": 572.5655646331159,
   "b2_S": -5617.01482983839,
   "b3_AxS": 924.2165981005948
  },
  "robust_se": {
   "b0_intercept": 740.9646242108,
   "b1_A": 1626.947517691066,
   "b2_S": 3608.0335850830456,
   "b3_AxS": 4669.828593570442
  }
 },
 "interaction_h3": {
  "n": 13,
  "center": 0.28,
  "coefs": {
   "b0_intercept": 17700.11045224103,
   "b1_A": 2478.9720445034427,
   "b2_S": -16418.759029414894,
   "b3_AxS": 4853.525025613951
  },
  "robust_se": {
   "b0_intercept": 2958.120407790282,
   "b1_A": 3814.188192168031,
   "b2_S": 11911.04897915112,
   "b3_AxS": 12847.499277289357
  }
 },
 "CATE": {
  "HIGH_REDUNDANCY": {
   "n": 3,
   "estimate": 2931.7750000000005,
   "boot_ci95": [
    -1272.5,
    7136.05
   ]
  },
  "MIXED_REDUNDANCY": {
   "n": 10,
   "estimate": -1044.8100000000013,
   "boot_ci95": [
    -4571.9333333333325,
    3046.8739999999975
   ]
  },
  "high_minus_mixed": 3976.585000000002
 }
}