{
 "b3_real": 924.2165981005948,
 "center_dup_frac": 0.28,
 "n_placebo": 5000,
 "placebo_abs_ge_real_pct": 0.910617876424715,
 "placebo_b3_quantiles": {
  "1": -19073.3248229043,
  "5": -12908.141397638661,
  "25": -5198.131575090999,
  "50": 288.5141891419168,
  "75": 5174.6338652192535,
  "95": 12839.162708500084,
  "99": 18296.308460796197
 },
 "placebo_b3_abs_quantiles": {
  "50": 5187.573052231739,
  "90": 12878.474684142013,
  "95": 15324.243152109946,
  "99": 20988.396790375315
 },
 "block_perm_test": {
  "n": 5000,
  "p_two_sided": 0.9202159568086383,
  "quantiles": {
   "2.5": -21801.760248486924,
   "50": 210.52102317675283,
   "97.5": 12950.254388606036
  }
 },
 "interpretation": "The real interaction |b3| is at the 91.1th pct of the placebo-moderator distribution and block-permutation p=0.920. It is NOT distinguishable from finite-sample placebo variation."
}