{
 "threshold_sensitivity": {
  "0.3": {
   "ipw_cost": 9247.984615384616,
   "dr_cost": 5819.628076923078,
   "n": 13
  },
  "0.4": {
   "ipw_cost": 7424.1,
   "dr_cost": 6863.390384615384,
   "n": 13
  },
  "0.5": {
   "ipw_cost": 5655.869230769231,
   "dr_cost": 5991.0576923076915,
   "n": 13
  }
 },
 "leave_top_k": {
  "k=1": -1180.0416666666652,
  "k=3": -1473.5499999999997,
  "k=5": -494.55333333333374
 },
 "leave_one_repo_out": {
  "drop_pylint-dev": -1755.8050000000003,
  "drop_scikit-learn": -361.53333333333376,
  "drop_pydata": -226.95571428571384,
  "drop_sphinx-doc": 551.9216666666662,
  "drop_pytest-dev": 686.8949999999995,
  "drop_sympy": -47.3666666666677
 },
 "placebo": {
  "taskid_hash_interaction": 11078.38608428536
 }
}