{
 "ld_delta": {
  "astropy__astropy-12907": -41.35484381420538,
  "astropy__astropy-14096": -76.35355548045692,
  "astropy__astropy-14309": -106.57669423886227,
  "astropy__astropy-14539": -3.3408284011961893,
  "astropy__astropy-14995": 34.1781767786203,
  "astropy__astropy-7166": 5.162670613871753,
  "django__django-14493": -3.287424261442087,
  "django__django-14539": 2.7193918232559082,
  "django__django-14752": 18.44166478293927,
  "django__django-14771": 12.890341014484749,
  "django__django-15380": 17.260675217946577,
  "django__django-16136": 34.94736541086438,
  "pallets__flask-5014": 55.896128708383486,
  "psf__requests-1142": -2.8060000067129436,
  "pydata__xarray-2905": 30.684202542156363,
  "pydata__xarray-3305": -23.863480934320364,
  "pydata__xarray-3677": 0.9150813944220492,
  "pydata__xarray-4075": 37.431195087554435,
  "pydata__xarray-6721": -5.101908568494733,
  "pydata__xarray-7233": -47.90789201799054,
  "pylint-dev__pylint-4551": 52.84649724352365,
  "pylint-dev__pylint-6386": 66.2147860923128,
  "pylint-dev__pylint-6528": -70.40074845714892,
  "pylint-dev__pylint-6903": -4.634191810529227,
  "pylint-dev__pylint-7277": -12.182014568858614,
  "pylint-dev__pylint-8898": -14.779335001824714,
  "pytest-dev__pytest-5631": -28.18699170585032,
  "pytest-dev__pytest-6197": 11.525844044410922,
  "pytest-dev__pytest-7324": 3.568946068887509,
  "pytest-dev__pytest-7432": -63.09518381449592,
  "pytest-dev__pytest-7490": -21.545951773015634,
  "pytest-dev__pytest-7521": -6.6627356185027455,
  "scikit-learn__scikit-learn-13135": 2.498048519640822,
  "scikit-learn__scikit-learn-13328": -34.3262990889265,
  "scikit-learn__scikit-learn-13439": 27.46233033535468,
  "scikit-learn__scikit-learn-14087": -37.470462156731415,
  "scikit-learn__scikit-learn-25973": -99.18717372289848,
  "scikit-learn__scikit-learn-9288": 4.335613527761753,
  "sphinx-doc__sphinx-10466": -64.2431250853875,
  "sphinx-doc__sphinx-8459": 47.66671368761052,
  "sphinx-doc__sphinx-8638": 34.97302177079947,
  "sphinx-doc__sphinx-9320": 0.6103932877806633,
  "sphinx-doc__sphinx-9367": 2.3662019369484506,
  "sphinx-doc__sphinx-9658": 9.694404775984491,
  "sympy__sympy-13091": 16.729413578234023,
  "sympy__sympy-13480": -67.09192266988627,
  "sympy__sympy-14248": -24.875466220035698,
  "sympy__sympy-14976": 1.800561357717723,
  "sympy__sympy-19040": -19.11169617117908,
  "sympy__sympy-24539": -25.728856065396993
 },
 "g6_delta": {
  "astropy__astropy-12907": 3.287698853267795,
  "astropy__astropy-14096": -57.75791786459586,
  "astropy__astropy-14309": -116.39497573324304,
  "astropy__astropy-14539": -7.726382869697617,
  "astropy__astropy-14995": -1.9009386815890847,
  "astropy__astropy-7166": 2.4885894624239326,
  "django__django-14493": 5.118754723373762,
  "django__django-14539": 4.173023079695746,
  "django__django-14752": 18.628351388135837,
  "django__django-14771": -32.12715066273118,
  "django__django-15380": -34.067410739074894,
  "django__django-16136": 41.89132560413466,
  "pallets__flask-5014": 4.2264971219970855,
  "psf__requests-1142": -42.72579741082728,
  "pydata__xarray-2905": 21.40708833673993,
  "pydata__xarray-3305": -8.240087483888184,
  "pydata__xarray-3677": 23.153699064310587,
  "pydata__xarray-6721": 9.452577394101509,
  "pydata__xarray-7233": 19.228815801416296,
  "pylint-dev__pylint-4551": 73.47319432785335,
  "pylint-dev__pylint-6386": 40.52646289448226,
  "pylint-dev__pylint-6528": -1.4531955069055003,
  "pylint-dev__pylint-6903": -26.24117754600464,
  "pylint-dev__pylint-7277": -0.8414357297651878,
  "pylint-dev__pylint-8898": -18.21544616052298,
  "pytest-dev__pytest-5631": 0.6097511755090392,
  "pytest-dev__pytest-6197": 27.346519560671215,
  "pytest-dev__pytest-7324": 26.657447005544057,
  "pytest-dev__pytest-7432": -29.388598004422793,
  "pytest-dev__pytest-7490": -9.640374169191775,
  "pytest-dev__pytest-7521": 32.71338514079434,
  "scikit-learn__scikit-learn-13135": 22.77316115232612,
  "scikit-learn__scikit-learn-13328": -34.98930801925086,
  "scikit-learn__scikit-learn-13439": 42.06969557003554,
  "scikit-learn__scikit-learn-14087": -10.456865371734745,
  "scikit-learn__scikit-learn-25973": 3.39992331000054,
  "scikit-learn__scikit-learn-9288": 18.184831616040828,
  "sphinx-doc__sphinx-10466": -55.314274840447304,
  "sphinx-doc__sphinx-8459": 10.097724419093451,
  "sphinx-doc__sphinx-8638": 63.75974976484665,
  "sphinx-doc__sphinx-9320": 0.5596606135788327,
  "sphinx-doc__sphinx-9367": 31.899494259381232,
  "sphinx-doc__sphinx-9658": 26.30147166553983,
  "sympy__sympy-13091": -177.6500980684371,
  "sympy__sympy-13480": -92.3179656873705,
  "sympy__sympy-14248": -42.90087661388824,
  "sympy__sympy-14976": -0.8522248775931446,
  "sympy__sympy-19040": -63.82602555814115,
  "sympy__sympy-24539": -15.073720782439407
 },
 "ld_by_dup": [
  [
   "0-0.18",
   13,
   -12.6,
   [
    -35.3,
    9.0
   ]
  ],
  [
   "0.18-0.25",
   19,
   -10.0,
   [
    -26.2,
    3.3
   ]
  ],
  [
   "0.25-0.5",
   18,
   -1.0,
   [
    -19.6,
    17.2
   ]
  ]
 ],
 "g6_by_dup": [
  [
   "0-0.18",
   12,
   -23.4,
   [
    -45.3,
    -4.2
   ]
  ],
  [
   "0.18-0.25",
   19,
   -0.0,
   [
    -13.6,
    11.8
   ]
  ],
  [
   "0.25-0.5",
   18,
   -1.4,
   [
    -28.7,
    21.9
   ]
  ]
 ]
}