{
 "signal_minus_keep": {
  "hajek": -268.7651143790845,
  "dr": -205.22002439227526,
  "hajek_ci95": [
   -1089.6214302405042,
   646.9286386993368
  ]
 },
 "signal_minus_static": {
  "hajek": 726.1847222222223,
  "dr": 760.8625674848881,
  "hajek_ci95": [
   -248.04095822812556,
   2004.943817760301
  ]
 },
 "static_minus_keep": {
  "hajek": -994.9498366013067,
  "dr": -966.0825918771634,
  "hajek_ci95": [
   -2044.2009695687536,
   182.64732380695773
  ]
 },
 "note": "positive contrast = first policy MORE costly (worse). Controller supported only if signal_minus_{keep,static} both clearly negative with CI."
}