{
 "pi_keep": {
  "hajek": 6455.02205882353,
  "dr_loro": 6434.177144736843
 },
 "pi_static": {
  "hajek": 5460.072222222223,
  "dr_loro": 5468.094552859679
 },
 "pi_signal": {
  "hajek": 6186.256944444445,
  "dr_loro": 6228.957120344568
 },
 "best_static_hajek": "pi_static",
 "best_static_dr": "pi_static",
 "signal_beats_both_hajek": false,
 "signal_beats_both_dr": false
}