{
 "b0": 6508.217468764819,
 "b1": -910.6570615745688,
 "b2": -1022.417879839524,
 "b3": -260.9225817486654,
 "se_b3": 2286.057912347156,
 "n": 70,
 "center": 0.35067400000000004
}