{
 "b3_real": -260.9225817486654,
 "n_placebo": 5000,
 "abs_ge_real_pct": 0.9170165966806638,
 "quantiles": {
  "5": -4170.928609102791,
  "50": 19.068533520227664,
  "95": 4172.030148036424
 }
}