{
 "n": 70,
 "estimate": -994.9498366013086,
 "boot_ci95": [
  -2430.074620663374,
  370.3016933120129
 ],
 "boot_se": 717.7213960207096,
 "repo_cluster_ci95": [
  -2074.206514315954,
  163.3754373084206
 ],
 "ci_halfwidth": 1400.1881569876934,
 "mean_LINEDEDUP": 5460.072222222222,
 "mean_NOOP": 6455.022058823531
}