{
 "threshold_sensitivity": {
  "0.3": {
   "hajek": 5888.7262500000015
  },
  "0.4": {
   "hajek": 6186.256944444445
  },
  "0.5": {
   "hajek": 6222.913888888889
  }
 },
 "leave_top_k": {
  "k=1": -701.662626262626,
  "k=3": -239.51326164874627,
  "k=5": -188.427380952382
 },
 "leave_one_repo_out": {
  "drop_astropy": -856.5667644183777,
  "drop_psf": -929.9202020202019,
  "drop_sympy": -820.1627380952386,
  "drop_scikit-learn": -1041.0531250000004,
  "drop_pydata": -1009.2874551971327,
  "drop_django": -1303.4449074074064,
  "drop_mwaskom": -931.0411764705896,
  "drop_pylint-dev": -995.747878787879,
  "drop_sphinx-doc": -929.6415476190477,
  "drop_pytest-dev": -1388.1242424242428,
  "drop_matplotlib": -749.070303030303
 }
}