{
 "results": {
  "RQ1_cost": {
   "search_no_new_evidence_rate": {
    "beta": 0.2039112434717157,
    "lo": 0.17845574256286298,
    "hi": 0.22488563814739704,
    "n": 3114,
    "nboot": 600,
    "spearman": 0.227,
    "spearman_p": 9.061788848025484e-38,
    "bh_p": 2.7185366544076456e-37
   },
   "oversized_then_narrow_read_rate": {
    "beta": -0.05838995255940038,
    "lo": -0.08014686970152653,
    "hi": -0.03820332591721258,
    "n": 3334,
    "nboot": 600,
    "spearman": 0.163,
    "spearman_p": 3.171268548413476e-21,
    "bh_p": 5.7082833871442564e-21
   },
   "no_evidence_patch_churn_rate": {
    "beta": 0.07104613187407528,
    "lo": 0.04744771723659762,
    "hi": 0.09802984460858821,
    "n": 2796,
    "nboot": 600,
    "spearman": 0.208,
    "spearman_p": 9.945580074607429e-29,
    "bh_p": 2.2377555167866716e-28
   },
   "edit_mechanical_failure_rate": {
    "beta": 0.09825390624846207,
    "lo": 0.07511832239049951,
    "hi": 0.11856164262584623,
    "n": 3360,
    "nboot": 600,
    "spearman": 0.111,
    "spearman_p": 1.2924764672064874e-10,
    "bh_p": 1.6617554578369123e-10
   },
   "post_edit_test_gap": {
    "beta": 0.09436473950121281,
    "lo": 0.0622393223146067,
    "hi": 0.13235769701549752,
    "n": 1073,
    "nboot": 600,
    "spearman": 0.123,
    "spearman_p": 5.520630092774992e-05,
    "bh_p": 6.210708854371866e-05
   },
   "fraction_actions_in_no_new_evidence_streaks": {
    "beta": 0.32125139918748075,
    "lo": 0.298542578557069,
    "hi": 0.3453168504181389,
    "n": 3431,
    "nboot": 600,
    "spearman": 0.389,
    "spearman_p": 2.8070574337528304e-124,
    "bh_p": 1.2631758451887737e-123
   },
   "tool_error_rate": {
    "beta": 0.09145254032810345,
    "lo": 0.07014786125888178,
    "hi": 0.11727317831187431,
    "n": 3431,
    "nboot": 600,
    "spearman": 0.141,
    "spearman_p": 9.752631926879147e-17,
    "bh_p": 1.462894789031872e-16
   },
   "environment_setup_rate": {
    "beta": 0.029015599296559155,
    "lo": 0.011305267512609997,
    "hi": 0.048985993637549595,
    "n": 3431,
    "nboot": 600,
    "spearman": 0.048,
    "spearman_p": 0.005239641004066634,
    "bh_p": 0.005239641004066634
   },
   "redundant_reread_rate": {
    "beta": 0.3391977309129502,
    "lo": 0.31727357562425446,
    "hi": 0.3596915435303501,
    "n": 3334,
    "nboot": 600,
    "spearman": 0.542,
    "spearman_p": 1.230045507844513e-253,
    "bh_p": 1.1070409570600617e-252
   }
  },
  "RQ2_resolution": {
   "search_no_new_evidence_rate": {
    "beta": -0.35906768857759563,
    "lo": -0.4975742435231836,
    "hi": -0.22692237461410394,
    "n": 1338,
    "nboot": 600,
    "spearman": -0.021,
    "spearman_p": 0.4452162331719292,
    "bh_p": 0.5008682623184204
   },
   "oversized_then_narrow_read_rate": {
    "beta": 0.10869073926618233,
    "lo": -0.00915320654400101,
    "hi": 0.24003007336144394,
    "n": 1358,
    "nboot": 600,
    "spearman": 0.099,
    "spearman_p": 0.00021884995216455593,
    "bh_p": 0.0005567850830978222
   },
   "no_evidence_patch_churn_rate": {
    "beta": -0.09973441108415372,
    "lo": -0.2540804250446756,
    "hi": 0.06266911784404386,
    "n": 1251,
    "nboot": 600,
    "spearman": 0.079,
    "spearman_p": 0.004929321551804026,
    "bh_p": 0.006337699138033747
   },
   "edit_mechanical_failure_rate": {
    "beta": -0.04596943062091333,
    "lo": -0.16982377816089578,
    "hi": 0.11057810868102155,
    "n": 1418,
    "nboot": 600,
    "spearman": -0.143,
    "spearman_p": 5.0909603961135716e-08,
    "bh_p": 2.2909321782511072e-07
   },
   "post_edit_test_gap": {
    "beta": -0.03271669285587875,
    "lo": -0.21784954782207094,
    "hi": 0.1661058390431935,
    "n": 556,
    "nboot": 600,
    "spearman": -0.016,
    "spearman_p": 0.7120854602383192,
    "bh_p": 0.7120854602383192
   },
   "fraction_actions_in_no_new_evidence_streaks": {
    "beta": -0.3028633070770902,
    "lo": -0.4814628879532543,
    "hi": -0.1661419967512517,
    "n": 1424,
    "nboot": 600,
    "spearman": -0.211,
    "spearman_p": 5.636742198030956e-16,
    "bh_p": 5.07306797822786e-15
   },
   "tool_error_rate": {
    "beta": -0.08500755287554358,
    "lo": -0.2008520205273999,
    "hi": 0.04056101101352005,
    "n": 1424,
    "nboot": 600,
    "spearman": -0.096,
    "spearman_p": 0.00024746003693236544,
    "bh_p": 0.0005567850830978222
   },
   "environment_setup_rate": {
    "beta": -0.0425198769297865,
    "lo": -0.26159518605900683,
    "hi": 0.09921805083912469,
    "n": 1424,
    "nboot": 600,
    "spearman": -0.092,
    "spearman_p": 0.00045827461183136785,
    "bh_p": 0.000824894301296462
   },
   "redundant_reread_rate": {
    "beta": -0.33801779218222533,
    "lo": -0.5081694264747963,
    "hi": -0.18827616608258924,
    "n": 1358,
    "nboot": 600,
    "spearman": -0.083,
    "spearman_p": 0.0021403960678706194,
    "bh_p": 0.003210594101805929
   }
  },
  "RQ3_nonconv": {
   "search_no_new_evidence_rate": {
    "beta": 0.8767572701915884,
    "lo": 0.7108958885240041,
    "hi": 1.0869135243184436,
    "n": 3114,
    "nboot": 600
   },
   "oversized_then_narrow_read_rate": {
    "beta": -0.5988828290263902,
    "lo": -0.8451197691946676,
    "hi": -0.42483421487374307,
    "n": 3334,
    "nboot": 600
   },
   "no_evidence_patch_churn_rate": {
    "beta": 0.19840065843576699,
    "lo": 0.07149005871237499,
    "hi": 0.31800946021387916,
    "n": 2796,
    "nboot": 600
   },
   "edit_mechanical_failure_rate": {
    "beta": 0.4415184136884154,
    "lo": 0.3216840764618344,
    "hi": 0.5794756740942489,
    "n": 3360,
    "nboot": 600
   },
   "post_edit_test_gap": {
    "beta": 0.3064501573749819,
    "lo": 0.09095558644229422,
    "hi": 0.5774303083871006,
    "n": 1073,
    "nboot": 600
   },
   "fraction_actions_in_no_new_evidence_streaks": {
    "beta": 1.3219786347995512,
    "lo": 1.153814961221873,
    "hi": 1.551143280132173,
    "n": 3431,
    "nboot": 600
   },
   "tool_error_rate": {
    "beta": -0.032227301418002736,
    "lo": -0.2161879426105756,
    "hi": 0.12940258490181317,
    "n": 3431,
    "nboot": 600
   },
   "environment_setup_rate": {
    "beta": -0.018085777736383143,
    "lo": -0.42913248736587445,
    "hi": 0.12119534685028079,
    "n": 3431,
    "nboot": 600
   },
   "redundant_reread_rate": {
    "beta": 1.5108064086172686,
    "lo": 1.227859741177198,
    "hi": 1.8710598513841588,
    "n": 3334,
    "nboot": 600
   }
  }
 },
 "ablation": {
  "cost": {
   "A_nevents": {
    "cv_r2": 0.9974,
    "mae": 0.0249
   },
   "B_meta": {
    "cv_r2": 0.9985,
    "mae": 0.015
   },
   "C_meta_feats": {
    "cv_r2": 0.9986,
    "mae": 0.0148
   }
  },
  "resolution": {
   "A_nevents": {
    "auroc": 0.6477,
    "auprc": 0.7441,
    "logloss": 0.6209,
    "brier": 0.215
   },
   "B_meta": {
    "auroc": 0.8095,
    "auprc": 0.874,
    "logloss": 0.51,
    "brier": 0.1674
   },
   "C_meta_feats": {
    "auroc": 0.8118,
    "auprc": 0.8786,
    "logloss": 0.5104,
    "brier": 0.1675
   }
  }
 },
 "negative_controls": {
  "permutation_tool_error_on_cost": {
   "beta": 0.018186387985921985,
   "lo": 0.00021736859464341186,
   "hi": 0.03640809593232744,
   "n": 3431,
   "nboot": 600
  },
  "random_feature_on_cost": {
   "beta": -0.0035507478028456232,
   "lo": -0.024221180170736142,
   "hi": 0.01649415401845931,
   "n": 3432,
   "nboot": 600
  },
  "random_feature_on_resolution": {
   "beta": 0.1342941853426165,
   "lo": 0.004293662159383673,
   "hi": 0.2576635897196243,
   "n": 1424,
   "nboot": 600
  }
 },
 "meta": {
  "have_statsmodels": true,
  "n_total": 3432,
  "n_core": 1445,
  "core": [
   "solver_A",
   "solver_B",
   "solver_C"
  ],
  "primary": [
   "search_no_new_evidence_rate",
   "oversized_then_narrow_read_rate",
   "no_evidence_patch_churn_rate",
   "edit_mechanical_failure_rate",
   "post_edit_test_gap",
   "fraction_actions_in_no_new_evidence_streaks",
   "tool_error_rate",
   "environment_setup_rate",
   "redundant_reread_rate"
  ]
 }
}